sample_idx,time_est_s,seg_idx,rel_x,rel_y,rel_yaw,motion_state,safety_state,proc_rss_mb,sys_total_mb,sys_used_mb,sys_avail_mb
0,0.0,0,0.0,0.0,0.0,0,4,16.3,3796.0,276.0,3520.0
1,0.8,0,0.218,-0.0,0.0,1,4,16.3,3796.0,276.0,3520.0
2,1.6,0,0.476,-0.0,0.001,1,4,16.3,3796.0,276.0,3520.0
3,2.4,0,0.563,-0.0,0.0,1,4,16.3,3796.0,276.0,3520.0
4,3.2,0,0.589,-0.0,0.0,1,4,16.3,3796.0,276.0,3520.0
5,4.0,1,0.595,-0.002,-0.0,1,4,16.3,3796.0,276.0,3520.0
6,4.8,1,0.597,-0.278,0.0,1,4,16.3,3796.0,276.0,3520.0
7,5.6,1,0.596,-0.596,0.0,1,4,16.3,3796.0,276.0,3520.0
8,6.4,1,0.597,-0.916,0.003,1,4,16.3,3796.0,276.0,3520.0
9,7.2,1,0.597,-1.236,0.001,1,4,16.3,3796.0,276.0,3520.0
10,8.0,1,0.596,-1.556,0.004,1,4,16.3,3796.0,276.0,3520.0
11,8.8,1,0.598,-1.878,0.002,1,4,16.3,3796.0,276.0,3520.0
12,9.6,1,0.599,-2.196,-0.001,1,4,16.3,3796.0,276.0,3520.0
13,10.4,1,0.6,-2.514,0.0,1,4,16.3,3796.0,276.0,3520.0
14,11.2,1,0.6,-2.679,-0.001,1,4,16.3,3796.0,276.0,3520.0
15,12.0,1,0.6,-2.729,-0.0,1,4,16.3,3796.0,276.0,3520.0
16,12.8,1,0.6,-2.744,0.0,1,4,16.3,3796.0,276.0,3520.0
17,13.6,2,0.676,-2.747,-0.001,1,4,16.3,3796.0,276.0,3520.0
18,14.4,2,0.996,-2.749,0.0,1,4,16.3,3796.0,276.0,3520.0
19,15.2,2,1.316,-2.749,-0.001,1,4,16.3,3796.0,276.0,3520.0
20,16.0,2,1.636,-2.747,-0.003,1,4,16.3,3796.0,276.0,3520.0
21,16.8,2,1.958,-2.748,0.0,1,4,16.3,3796.0,276.0,3520.0
22,17.6,2,2.276,-2.75,0.002,1,4,16.3,3796.0,276.0,3520.0
23,18.4,2,2.596,-2.75,0.002,1,4,16.3,3796.0,276.0,3520.0
24,19.2,2,2.774,-2.75,0.001,1,4,16.3,3796.0,276.0,3520.0
25,20.0,2,2.827,-2.749,0.0,1,4,16.3,3796.0,276.0,3520.0
26,20.8,2,2.843,-2.749,0.0,1,4,16.3,3796.0,276.0,3520.0
27,21.6,3,2.847,-2.685,-0.001,1,4,16.3,3796.0,276.0,3520.0
28,22.4,3,2.849,-2.38,-0.002,1,4,16.3,3796.0,276.0,3520.0
29,23.2,3,2.85,-2.295,0.011,1,4,16.4,3796.0,276.0,3520.0
30,24.0,3,2.85,-2.262,0.011,1,4,16.4,3796.0,276.0,3520.0
31,24.8,4,2.849,-2.257,0.011,1,4,16.4,3796.0,276.0,3520.0
32,25.6,4,2.848,-2.528,0.015,1,4,16.4,3796.0,276.0,3520.0
33,26.4,4,2.849,-2.752,0.011,1,4,16.4,3796.0,276.0,3520.0
34,27.2,4,2.849,-2.821,0.011,1,4,16.4,3796.0,276.0,3520.0
35,28.0,4,2.849,-2.841,0.011,1,4,16.4,3796.0,276.0,3520.0
36,28.8,5,2.836,-2.842,0.011,1,4,16.4,3796.0,276.0,3520.0
37,29.6,5,2.537,-2.834,0.01,1,4,16.4,3796.0,276.0,3520.0
38,30.4,5,2.217,-2.835,0.01,1,4,16.4,3796.0,276.0,3520.0
39,31.2,5,1.897,-2.839,0.009,1,4,16.4,3796.0,276.0,3520.0
40,32.0,5,1.577,-2.841,0.01,1,4,16.4,3796.0,276.0,3520.0
41,32.8,5,1.257,-2.843,0.011,1,4,16.4,3796.0,276.0,3520.0
42,33.6,5,0.937,-2.847,0.011,1,4,16.4,3796.0,276.0,3520.0
43,34.4,5,0.704,-2.849,0.012,1,4,16.4,3796.0,276.0,3520.0
44,35.2,5,0.631,-2.85,0.011,1,4,16.4,3796.0,276.0,3520.0
45,36.0,5,0.61,-2.85,0.011,1,4,16.4,3796.0,276.0,3520.0
46,36.8,6,0.604,-2.85,0.04,1,4,16.4,3796.0,276.0,3520.0
47,37.6,6,0.601,-2.85,0.776,1,4,16.4,3796.0,276.0,3520.0
48,38.4,6,0.6,-2.85,1.386,1,4,16.4,3796.0,276.0,3520.0
49,39.2,6,0.6,-2.85,1.533,1,4,16.4,3796.0,276.0,3520.0
50,40.0,7,0.602,-2.85,1.557,1,4,16.4,3796.0,276.0,3520.0
51,40.8,7,0.792,-2.85,1.556,1,4,16.4,3796.0,276.0,3520.0
52,41.6,7,0.868,-2.851,1.556,1,4,16.4,3796.0,276.0,3520.0
53,42.4,7,0.89,-2.851,1.555,1,4,16.4,3796.0,276.0,3520.0
54,43.2,8,0.897,-2.85,1.467,1,4,16.4,3796.0,276.0,3520.0
55,44.0,8,0.899,-2.85,0.691,1,4,16.4,3796.0,276.0,3520.0
56,44.8,8,0.9,-2.85,0.151,1,4,16.4,3796.0,276.0,3520.0
57,45.6,8,0.9,-2.85,0.031,1,4,16.4,3796.0,276.0,3520.0
58,46.4,9,0.912,-2.854,0.013,1,4,16.4,3796.0,276.0,3520.0
59,47.2,9,1.209,-2.867,0.018,1,4,16.4,3796.0,276.0,3520.0
60,48.0,9,1.529,-2.867,0.015,1,4,16.4,3796.0,276.0,3520.0
61,48.8,9,1.849,-2.862,0.014,1,4,16.4,3796.0,276.0,3520.0
62,49.6,9,2.17,-2.859,0.015,1,4,16.4,3796.0,276.0,3520.0
63,50.4,9,2.489,-2.855,0.017,1,4,16.4,3796.0,276.0,3520.0
64,51.2,9,2.763,-2.851,0.015,1,4,16.4,3796.0,276.0,3520.0
65,52.0,9,2.859,-2.849,0.014,1,4,16.4,3796.0,276.0,3520.0
66,52.8,9,2.888,-2.849,0.015,1,4,16.4,3796.0,276.0,3520.0
67,53.6,10,2.895,-2.849,0.015,2,4,16.4,3796.0,276.0,3520.0
68,54.4,10,2.9,-2.625,0.012,1,4,16.4,3796.0,276.0,3520.0
69,55.2,10,2.9,-2.432,0.014,1,4,16.4,3796.0,276.0,3520.0
70,56.0,10,2.9,-2.374,0.014,1,4,16.4,3796.0,276.0,3520.0
71,56.8,10,2.9,-2.357,0.012,1,4,16.4,3796.0,276.0,3520.0
72,57.6,11,2.897,-2.429,0.014,1,4,16.4,3796.0,276.0,3520.0
73,58.4,11,2.898,-2.747,0.012,1,4,16.4,3796.0,276.0,3520.0
74,59.2,11,2.9,-2.958,0.013,1,4,16.4,3796.0,276.0,3520.0
75,60.0,11,2.9,-3.022,0.013,1,4,16.4,3796.0,276.0,3520.0
76,60.8,11,2.9,-3.042,0.013,1,4,16.4,3796.0,276.0,3520.0
77,61.6,12,2.9,-3.046,-0.091,1,4,16.4,3796.0,276.0,3520.0
78,62.4,12,2.9,-3.049,-0.862,1,4,16.4,3796.0,276.0,3520.0
79,63.2,12,2.9,-3.049,-1.411,1,4,16.4,3796.0,276.0,3520.0
80,64.0,12,2.9,-3.05,-1.537,1,4,16.4,3796.0,276.0,3520.0
81,64.8,12,2.9,-3.05,-1.556,1,4,16.4,3796.0,276.0,3520.0
82,65.6,13,3.094,-3.054,-1.555,1,4,16.4,3796.0,276.0,3520.0
83,66.4,13,3.452,-3.052,-1.558,1,4,16.4,3796.0,276.0,3520.0
84,67.2,13,3.626,-3.051,-1.552,1,4,16.4,3796.0,276.0,3520.0
85,68.0,13,3.678,-3.05,-1.552,1,4,16.4,3796.0,276.0,3520.0
86,68.8,13,3.694,-3.05,-1.552,1,4,16.4,3796.0,276.0,3520.0
87,69.6,14,3.583,-3.047,-1.551,1,4,16.4,3796.0,276.0,3520.0
88,70.4,14,3.323,-3.049,-1.55,1,4,16.4,3796.0,276.0,3520.0
89,71.2,14,3.237,-3.05,-1.55,1,4,16.4,3796.0,276.0,3520.0
90,72.0,14,3.21,-3.05,-1.55,1,4,16.4,3796.0,276.0,3520.0
91,72.8,15,3.204,-3.05,-1.552,1,4,16.4,3796.0,276.0,3520.0
92,73.6,15,3.202,-3.05,-2.213,1,4,16.4,3796.0,276.0,3520.0
93,74.4,15,3.201,-3.05,-2.894,1,4,16.4,3796.0,276.0,3520.0
94,75.2,15,3.201,-3.05,-3.09,1,4,16.4,3796.0,276.0,3520.0
95,76.0,15,3.2,-3.05,-3.126,1,4,16.5,3796.0,276.0,3520.0
96,76.8,16,3.187,-3.044,-3.127,1,4,16.5,3796.0,276.0,3520.0
97,77.6,16,2.888,-3.025,-3.124,1,4,16.5,3796.0,276.0,3520.0
98,78.4,16,2.567,-3.023,-3.124,1,4,16.5,3796.0,276.0,3520.0
99,79.2,16,2.247,-3.024,-3.122,1,4,16.5,3796.0,276.0,3520.0
100,80.0,16,1.927,-3.03,-3.125,1,4,16.5,3796.0,276.0,3520.0
101,80.8,16,1.607,-3.036,-3.125,1,4,16.5,3796.0,276.0,3520.0
102,81.6,16,1.287,-3.042,-3.126,1,4,16.5,3796.0,276.0,3520.0
103,82.4,16,1.026,-3.046,-3.124,1,4,16.5,3796.0,276.0,3520.0
104,83.2,16,0.938,-3.048,-3.125,1,4,16.5,3796.0,276.0,3520.0
105,84.0,16,0.911,-3.048,-3.124,1,4,16.5,3796.0,276.0,3520.0
106,84.8,17,0.905,-3.049,-3.124,1,4,16.5,3796.0,276.0,3520.0
107,85.6,17,0.902,-3.049,2.523,1,4,16.5,3796.0,276.0,3520.0
108,86.4,17,0.9,-3.05,1.833,1,4,16.5,3796.0,276.0,3520.0
109,87.2,17,0.9,-3.05,1.63,1,4,16.5,3796.0,276.0,3520.0
110,88.0,17,0.9,-3.05,1.592,1,4,16.5,3796.0,276.0,3520.0
111,88.8,17,0.9,-3.05,1.587,1,4,16.5,3796.0,276.0,3520.0
112,89.6,17,0.9,-3.05,1.586,1,4,16.5,3796.0,276.0,3520.0
113,90.4,17,0.9,-3.05,1.586,2,4,16.5,3796.0,276.0,3520.0
114,91.2,17,0.9,-3.05,1.586,1,4,16.5,3796.0,276.0,3520.0
115,92.0,17,0.9,-3.05,1.586,2,4,16.5,3796.0,276.0,3520.0
116,92.8,17,0.9,-3.05,1.586,1,4,16.5,3796.0,276.0,3520.0
117,93.6,17,0.9,-3.05,1.586,1,4,16.5,3796.0,276.0,3520.0
118,94.4,17,0.9,-3.05,1.586,1,4,16.5,3796.0,276.0,3520.0
119,95.2,17,0.9,-3.05,1.586,2,4,16.5,3796.0,276.0,3520.0
120,96.0,17,0.9,-3.05,1.586,1,4,16.5,3796.0,276.0,3520.0
121,96.8,17,0.9,-3.05,1.586,2,4,16.5,3796.0,276.0,3520.0
122,97.6,17,0.9,-3.05,1.586,2,4,16.5,3796.0,276.0,3520.0
123,98.4,17,0.9,-3.05,1.586,2,4,16.5,3796.0,276.0,3520.0
124,99.2,17,0.9,-3.05,1.586,2,4,16.5,3796.0,276.0,3520.0
125,100.0,17,0.9,-3.05,1.586,1,4,16.5,3796.0,276.0,3520.0
126,100.8,17,0.9,-3.05,1.586,1,4,16.5,3796.0,276.0,3520.0
127,101.6,17,0.9,-3.05,1.586,1,4,16.5,3796.0,276.0,3520.0
128,102.4,17,0.9,-3.05,1.586,2,4,16.5,3796.0,276.0,3520.0
129,103.2,17,0.9,-3.05,1.586,2,4,16.5,3796.0,276.0,3520.0
130,104.0,17,0.9,-3.05,1.586,1,4,16.5,3796.0,276.0,3520.0
131,104.8,17,0.9,-3.05,1.586,2,4,16.5,3796.0,276.0,3520.0
132,105.6,17,0.9,-3.05,1.586,1,4,16.5,3796.0,276.0,3520.0
133,106.4,17,0.9,-3.05,1.586,1,4,16.5,3796.0,276.0,3520.0
134,107.2,17,0.9,-3.05,1.586,2,4,16.5,3796.0,276.0,3520.0
135,108.0,17,0.9,-3.05,1.586,1,4,16.5,3796.0,276.0,3520.0
136,108.8,17,0.9,-3.05,1.586,1,4,16.5,3796.0,276.0,3520.0
137,109.6,17,0.9,-3.05,1.586,1,4,16.5,3796.0,276.0,3520.0
138,110.4,17,0.9,-3.05,1.586,2,4,16.5,3796.0,276.0,3520.0
139,111.2,17,0.9,-3.05,1.586,2,4,16.5,3796.0,276.0,3520.0
140,112.0,17,0.9,-3.05,1.586,1,4,16.5,3796.0,276.0,3520.0
141,112.8,17,0.9,-3.05,1.586,1,4,16.5,3796.0,276.0,3520.0
142,113.6,17,0.9,-3.05,1.586,2,4,16.5,3796.0,276.0,3520.0
143,114.4,17,0.9,-3.05,1.586,1,4,16.5,3796.0,276.0,3520.0
144,115.2,17,0.9,-3.05,1.586,1,4,16.5,3796.0,276.0,3520.0
145,116.0,17,0.9,-3.05,1.586,2,4,16.5,3796.0,276.0,3520.0
146,116.8,17,0.9,-3.05,1.586,2,4,16.5,3796.0,276.0,3520.0
147,117.6,17,0.9,-3.05,1.586,2,4,16.5,3796.0,276.0,3520.0
148,118.4,17,0.9,-3.05,1.586,2,4,16.5,3796.0,276.0,3520.0
149,119.2,17,0.9,-3.05,1.586,2,4,16.5,3796.0,276.0,3520.0
150,120.0,17,0.9,-3.05,1.586,1,4,16.5,3796.0,276.0,3520.0
151,120.8,17,0.9,-3.05,1.586,2,4,16.5,3796.0,276.0,3520.0
152,121.6,17,0.9,-3.05,1.586,1,4,16.5,3796.0,276.0,3520.0
153,122.4,17,0.9,-3.05,1.586,1,4,16.5,3796.0,276.0,3520.0
154,123.2,17,0.9,-3.05,1.586,1,4,16.5,3796.0,276.0,3520.0
155,124.0,17,0.9,-3.05,1.586,1,4,16.5,3796.0,276.0,3520.0
156,124.8,17,0.9,-3.05,1.586,1,4,16.5,3796.0,276.0,3520.0
157,125.6,17,0.9,-3.05,1.586,1,4,16.5,3796.0,276.0,3520.0
158,126.4,17,0.9,-3.05,1.586,2,4,16.5,3796.0,276.0,3520.0
159,127.2,17,0.9,-3.05,1.586,2,4,16.5,3796.0,276.0,3520.0
